epsilon,SPL,RS+FD,RS+RFD,Corr-RR
0.1,0.26785335006092004,0.04855928054109594,0.09389560273759877,0.0869257179847231
